Model,Memory Baseline,CoT Enabled,Memory Before (MB),Memory Optimized (MB),Memory Reduction %,Accuracy %,Precision %,Recall %,F1-Score %,Cache Hit Ratio %,Avg Latency (s),High-Trust Retention %
llama3.2:3b,medstreammem,False,450.88,38.31,87.82%,35.09%,35.75%,36.03%,35.89%,14.04%,49.9709,84.0%
llama3.2:3b,unbounded,False,450.88,450.88,0.0%,35.09%,35.75%,36.03%,35.89%,14.04%,49.9709,71.43%
llama3.2:3b,lru,False,450.88,52.16,76.98%,35.09%,35.75%,36.03%,35.89%,14.04%,49.9709,72.0%
llama3.2:3b,lfu,False,450.88,47.37,79.19%,35.09%,35.75%,36.03%,35.89%,13.68%,50.1809,96.0%
qwen2.5:3b,medstreammem,False,441.87,37.55,87.82%,43.51%,44.55%,44.91%,44.73%,14.04%,30.8839,84.0%
qwen2.5:3b,unbounded,False,441.87,441.87,0.0%,43.51%,44.55%,44.91%,44.73%,14.04%,30.8839,71.43%
qwen2.5:3b,lru,False,441.87,51.12,76.98%,43.51%,44.55%,44.91%,44.73%,14.04%,30.8839,72.0%
qwen2.5:3b,lfu,False,441.87,46.42,79.19%,43.51%,44.55%,44.91%,44.73%,13.68%,31.0078,96.0%
deepseek-r1:1.5b,medstreammem,False,432.86,36.78,87.82%,24.91%,29.31%,26.31%,27.73%,14.04%,50.1295,84.0%
deepseek-r1:1.5b,unbounded,False,432.86,432.86,0.0%,24.91%,29.31%,26.31%,27.73%,14.04%,50.1295,71.43%
deepseek-r1:1.5b,lru,False,432.86,50.09,76.98%,24.91%,29.31%,26.31%,27.73%,14.04%,50.1295,72.0%
deepseek-r1:1.5b,lfu,False,432.86,45.48,79.19%,24.91%,29.31%,26.31%,27.73%,13.68%,50.4064,96.0%
